Workbook

Sheet 跟进待办
A2: 跟进待办
A3: 每行一件事。日期填写实际约定或本人计划；关闭任务时保留完成证据。
A4: 第5行为虚构格式示例；正式数据从第8行填写。浅灰列为公式，请勿覆盖。
A5: T示例001 | B5: C示例001 | C5: 示例电源公司 | D5: P示例001 | E5: J示例001 | G5: 技术答疑 | H5: 向同事确认基材与固化工艺对选型的影响 | I5: 我 | J5: 46310 | K5: 本人计划 | L5: 待办 | O5: V示例001 | P5: 示例，不参与计算 | Q5: 示例，不参与计算
A7: 任务编号 | B7: 公司编号 | C7: 公司名称〔自动〕 | D7: 联系人编号 | E7: 项目编号 | F7: 样品编号 | G7: 事项类型 | H7: 下一步具体动作 | I7: 负责人 | J7: 计划日期 | K7: 日期依据 | L7: 状态 | M7: 完成日期 | N7: 完成证据或反馈 | O7: 来源沟通编号 | P7: 提醒〔自动〕 | Q7: 关联检查〔自动〕
C8: =IF(B8="","",IF(COUNTIF('公司'!$A$8:$A$207,B8)<>1,"编号缺失或重复",INDEX('公司'!$B$8:$B$207,MATCH(B8,'公司'!$A$8:$A$207,0)))) | P8: =IF(A8="","",IF(L8="已取消","已取消",IF(L8="已完成",IF(OR(M8="",N8=""),"补完成证据","已完成"),IF(J8="","待定日期",IF(NOT(ISNUMBER(J8)),"检查日期",IF(J8<'使用说明'!$B$5,"已逾期",IF(J8='使用说明'!$B$5,"今日跟进","待跟进"))))))) | Q8: =IF(A8="","",IF(OR(COUNTIF($A$8:$A$207,A8)<>1,COUNTIF('公司'!$A$8:$A$207,B8)<>1,AND(D8<>"",COUNTIF('联系人'!$A$8:$A$207,D8)<>1),AND(E8<>"",COUNTIF('用胶项目'!$A$8:$A$207,E8)<>1),AND(F8<>"",COUNTIF('样品测试'!$A$8:$A$207,F8)<>1),AND(O8<>"",COUNTIF('沟通记录'!$A$8:$A$207,O8)<>1)),"检查编号或关联","正常"))
C9: =IF(B9="","",IF(COUNTIF('公司'!$A$8:$A$207,B9)<>1,"编号缺失或重复",INDEX('公司'!$B$8:$B$207,MATCH(B9,'公司'!$A$8:$A$207,0)))) | P9: =IF(A9="","",IF(L9="已取消","已取消",IF(L9="已完成",IF(OR(M9="",N9=""),"补完成证据","已完成"),IF(J9="","待定日期",IF(NOT(ISNUMBER(J9)),"检查日期",IF(J9<'使用说明'!$B$5,"已逾期",IF(J9='使用说明'!$B$5,"今日跟进","待跟进"))))))) | Q9: =IF(A9="","",IF(OR(COUNTIF($A$8:$A$207,A9)<>1,COUNTIF('公司'!$A$8:$A$207,B9)<>1,AND(D9<>"",COUNTIF('联系人'!$A$8:$A$207,D9)<>1),AND(E9<>"",COUNTIF('用胶项目'!$A$8:$A$207,E9)<>1),AND(F9<>"",COUNTIF('样品测试'!$A$8:$A$207,F9)<>1),AND(O9<>"",COUNTIF('沟通记录'!$A$8:$A$207,O9)<>1)),"检查编号或关联","正常"))
C10: =IF(B10="","",IF(COUNTIF('公司'!$A$8:$A$207,B10)<>1,"编号缺失或重复",INDEX('公司'!$B$8:$B$207,MATCH(B10,'公司'!$A$8:$A$207,0)))) | P10: =IF(A10="","",IF(L10="已取消","已取消",IF(L10="已完成",IF(OR(M10="",N10=""),"补完成证据","已完成"),IF(J10="","待定日期",IF(NOT(ISNUMBER(J10)),"检查日期",IF(J10<'使用说明'!$B$5,"已逾期",IF(J10='使用说明'!$B$5,"今日跟进","待跟进"))))))) | Q10: =IF(A10="","",IF(OR(COUNTIF($A$8:$A$207,A10)<>1,COUNTIF('公司'!$A$8:$A$207,B10)<>1,AND(D10<>"",COUNTIF('联系人'!$A$8:$A$207,D10)<>1),AND(E10<>"",COUNTIF('用胶项目'!$A$8:$A$207,E10)<>1),AND(F10<>"",COUNTIF('样品测试'!$A$8:$A$207,F10)<>1),AND(O10<>"",COUNTIF('沟通记录'!$A$8:$A$207,O10)<>1)),"检查编号或关联","正常"))
C11: =IF(B11="","",IF(COUNTIF('公司'!$A$8:$A$207,B11)<>1,"编号缺失或重复",INDEX('公司'!$B$8:$B$207,MATCH(B11,'公司'!$A$8:$A$207,0)))) | P11: =IF(A11="","",IF(L11="已取消","已取消",IF(L11="已完成",IF(OR(M11="",N11=""),"补完成证据","已完成"),IF(J11="","待定日期",IF(NOT(ISNUMBER(J11)),"检查日期",IF(J11<'使用说明'!$B$5,"已逾期",IF(J11='使用说明'!$B$5,"今日跟进","待跟进"))))))) | Q11: =IF(A11="","",IF(OR(COUNTIF($A$8:$A$207,A11)<>1,COUNTIF('公司'!$A$8:$A$207,B11)<>1,AND(D11<>"",COUNTIF('联系人'!$A$8:$A$207,D11)<>1),AND(E11<>"",COUNTIF('用胶项目'!$A$8:$A$207,E11)<>1),AND(F11<>"",COUNTIF('样品测试'!$A$8:$A$207,F11)<>1),AND(O11<>"",COUNTIF('沟通记录'!$A$8:$A$207,O11)<>1)),"检查编号或关联","正常"))
C12: =IF(B12="","",IF(COUNTIF('公司'!$A$8:$A$207,B12)<>1,"编号缺失或重复",INDEX('公司'!$B$8:$B$207,MATCH(B12,'公司'!$A$8:$A$207,0)))) | P12: =IF(A12="","",IF(L12="已取消","已取消",IF(L12="已完成",IF(OR(M12="",N12=""),"补完成证据","已完成"),IF(J12="","待定日期",IF(NOT(ISNUMBER(J12)),"检查日期",IF(J12<'使用说明'!$B$5,"已逾期",IF(J12='使用说明'!$B$5,"今日跟进","待跟进"))))))) | Q12: =IF(A12="","",IF(OR(COUNTIF($A$8:$A$207,A12)<>1,COUNTIF('公司'!$A$8:$A$207,B12)<>1,AND(D12<>"",COUNTIF('联系人'!$A$8:$A$207,D12)<>1),AND(E12<>"",COUNTIF('用胶项目'!$A$8:$A$207,E12)<>1),AND(F12<>"",COUNTIF('样品测试'!$A$8:$A$207,F12)<>1),AND(O12<>"",COUNTIF('沟通记录'!$A$8:$A$207,O12)<>1)),"检查编号或关联","正常"))
C13: =IF(B13="","",IF(COUNTIF('公司'!$A$8:$A$207,B13)<>1,"编号缺失或重复",INDEX('公司'!$B$8:$B$207,MATCH(B13,'公司'!$A$8:$A$207,0)))) | P13: =IF(A13="","",IF(L13="已取消","已取消",IF(L13="已完成",IF(OR(M13="",N13=""),"补完成证据","已完成"),IF(J13="","待定日期",IF(NOT(ISNUMBER(J13)),"检查日期",IF(J13<'使用说明'!$B$5,"已逾期",IF(J13='使用说明'!$B$5,"今日跟进","待跟进"))))))) | Q13: =IF(A13="","",IF(OR(COUNTIF($A$8:$A$207,A13)<>1,COUNTIF('公司'!$A$8:$A$207,B13)<>1,AND(D13<>"",COUNTIF('联系人'!$A$8:$A$207,D13)<>1),AND(E13<>"",COUNTIF('用胶项目'!$A$8:$A$207,E13)<>1),AND(F13<>"",COUNTIF('样品测试'!$A$8:$A$207,F13)<>1),AND(O13<>"",COUNTIF('沟通记录'!$A$8:$A$207,O13)<>1)),"检查编号或关联","正常"))
C14: =IF(B14="","",IF(COUNTIF('公司'!$A$8:$A$207,B14)<>1,"编号缺失或重复",INDEX('公司'!$B$8:$B$207,MATCH(B14,'公司'!$A$8:$A$207,0)))) | P14: =IF(A14="","",IF(L14="已取消","已取消",IF(L14="已完成",IF(OR(M14="",N14=""),"补完成证据","已完成"),IF(J14="","待定日期",IF(NOT(ISNUMBER(J14)),"检查日期",IF(J14<'使用说明'!$B$5,"已逾期",IF(J14='使用说明'!$B$5,"今日跟进","待跟进"))))))) | Q14: =IF(A14="","",IF(OR(COUNTIF($A$8:$A$207,A14)<>1,COUNTIF('公司'!$A$8:$A$207,B14)<>1,AND(D14<>"",COUNTIF('联系人'!$A$8:$A$207,D14)<>1),AND(E14<>"",COUNTIF('用胶项目'!$A$8:$A$207,E14)<>1),AND(F14<>"",COUNTIF('样品测试'!$A$8:$A$207,F14)<>1),AND(O14<>"",COUNTIF('沟通记录'!$A$8:$A$207,O14)<>1)),"检查编号或关联","正常"))
C15: =IF(B15="","",IF(COUNTIF('公司'!$A$8:$A$207,B15)<>1,"编号缺失或重复",INDEX('公司'!$B$8:$B$207,MATCH(B15,'公司'!$A$8:$A$207,0)))) | P15: =IF(A15="","",IF(L15="已取消","已取消",IF(L15="已完成",IF(OR(M15="",N15=""),"补完成证据","已完成"),IF(J15="","待定日期",IF(NOT(ISNUMBER(J15)),"检查日期",IF(J15<'使用说明'!$B$5,"已逾期",IF(J15='使用说明'!$B$5,"今日跟进","待跟进"))))))) | Q15: =IF(A15="","",IF(OR(COUNTIF($A$8:$A$207,A15)<>1,COUNTIF('公司'!$A$8:$A$207,B15)<>1,AND(D15<>"",COUNTIF('联系人'!$A$8:$A$207,D15)<>1),AND(E15<>"",COUNTIF('用胶项目'!$A$8:$A$207,E15)<>1),AND(F15<>"",COUNTIF('样品测试'!$A$8:$A$207,F15)<>1),AND(O15<>"",COUNTIF('沟通记录'!$A$8:$A$207,O15)<>1)),"检查编号或关联","正常"))
C16: =IF(B16="","",IF(COUNTIF('公司'!$A$8:$A$207,B16)<>1,"编号缺失或重复",INDEX('公司'!$B$8:$B$207,MATCH(B16,'公司'!$A$8:$A$207,0)))) | P16: =IF(A16="","",IF(L16="已取消","已取消",IF(L16="已完成",IF(OR(M16="",N16=""),"补完成证据","已完成"),IF(J16="","待定日期",IF(NOT(ISNUMBER(J16)),"检查日期",IF(J16<'使用说明'!$B$5,"已逾期",IF(J16='使用说明'!$B$5,"今日跟进","待跟进"))))))) | Q16: =IF(A16="","",IF(OR(COUNTIF($A$8:$A$207,A16)<>1,COUNTIF('公司'!$A$8:$A$207,B16)<>1,AND(D16<>"",COUNTIF('联系人'!$A$8:$A$207,D16)<>1),AND(E16<>"",COUNTIF('用胶项目'!$A$8:$A$207,E16)<>1),AND(F16<>"",COUNTIF('样品测试'!$A$8:$A$207,F16)<>1),AND(O16<>"",COUNTIF('沟通记录'!$A$8:$A$207,O16)<>1)),"检查编号或关联","正常"))
C17: =IF(B17="","",IF(COUNTIF('公司'!$A$8:$A$207,B17)<>1,"编号缺失或重复",INDEX('公司'!$B$8:$B$207,MATCH(B17,'公司'!$A$8:$A$207,0)))) | P17: =IF(A17="","",IF(L17="已取消","已取消",IF(L17="已完成",IF(OR(M17="",N17=""),"补完成证据","已完成"),IF(J17="","待定日期",IF(NOT(ISNUMBER(J17)),"检查日期",IF(J17<'使用说明'!$B$5,"已逾期",IF(J17='使用说明'!$B$5,"今日跟进","待跟进"))))))) | Q17: =IF(A17="","",IF(OR(COUNTIF($A$8:$A$207,A17)<>1,COUNTIF('公司'!$A$8:$A$207,B17)<>1,AND(D17<>"",COUNTIF('联系人'!$A$8:$A$207,D17)<>1),AND(E17<>"",COUNTIF('用胶项目'!$A$8:$A$207,E17)<>1),AND(F17<>"",COUNTIF('样品测试'!$A$8:$A$207,F17)<>1),AND(O17<>"",COUNTIF('沟通记录'!$A$8:$A$207,O17)<>1)),"检查编号或关联","正常"))
C18: =IF(B18="","",IF(COUNTIF('公司'!$A$8:$A$207,B18)<>1,"编号缺失或重复",INDEX('公司'!$B$8:$B$207,MATCH(B18,'公司'!$A$8:$A$207,0)))) | P18: =IF(A18="","",IF(L18="已取消","已取消",IF(L18="已完成",IF(OR(M18="",N18=""),"补完成证据","已完成"),IF(J18="","待定日期",IF(NOT(ISNUMBER(J18)),"检查日期",IF(J18<'使用说明'!$B$5,"已逾期",IF(J18='使用说明'!$B$5,"今日跟进","待跟进"))))))) | Q18: =IF(A18="","",IF(OR(COUNTIF($A$8:$A$207,A18)<>1,COUNTIF('公司'!$A$8:$A$207,B18)<>1,AND(D18<>"",COUNTIF('联系人'!$A$8:$A$207,D18)<>1),AND(E18<>"",COUNTIF('用胶项目'!$A$8:$A$207,E18)<>1),AND(F18<>"",COUNTIF('样品测试'!$A$8:$A$207,F18)<>1),AND(O18<>"",COUNTIF('沟通记录'!$A$8:$A$207,O18)<>1)),"检查编号或关联","正常"))
C19: =IF(B19="","",IF(COUNTIF('公司'!$A$8:$A$207,B19)<>1,"编号缺失或重复",INDEX('公司'!$B$8:$B$207,MATCH(B19,'公司'!$A$8:$A$207,0)))) | P19: =IF(A19="","",IF(L19="已取消","已取消",IF(L19="已完成",IF(OR(M19="",N19=""),"补完成证据","已完成"),IF(J19="","待定日期",IF(NOT(ISNUMBER(J19)),"检查日期",IF(J19<'使用说明'!$B$5,"已逾期",IF(J19='使用说明'!$B$5,"今日跟进","待跟进"))))))) | Q19: =IF(A19="","",IF(OR(COUNTIF($A$8:$A$207,A19)<>1,COUNTIF('公司'!$A$8:$A$207,B19)<>1,AND(D19<>"",COUNTIF('联系人'!$A$8:$A$207,D19)<>1),AND(E19<>"",COUNTIF('用胶项目'!$A$8:$A$207,E19)<>1),AND(F19<>"",COUNTIF('样品测试'!$A$8:$A$207,F19)<>1),AND(O19<>"",COUNTIF('沟通记录'!$A$8:$A$207,O19)<>1)),"检查编号或关联","正常"))
... C207: =IF(B207="","",IF(COUNTIF('公司'!$A$8:$A$207,B207)<>1,"编号缺失或重复",INDEX('公司'!$B$8:$B$207,MATCH(B207,'公司'!$A$8:$A$207,0)))) | P207: =IF(A207="","",IF(L207="已取消","已取消",IF(L207="已完成",IF(OR(M207="",N207=""),"补完成证据","已完成"),IF(J207="","待定日期",IF(NOT(ISNUMBER(J207)),"检查日期",IF(J207<'使用说明'!$B$5,"已逾期",IF(J207='使用说明'!$B$5,"今日跟进","待跟进"))))))) | Q207: =IF(A207="","",IF(OR(COUNTIF($A$8:$A$207,A207)<>1,COUNTIF('公司'!$A$8:$A$207,B207)<>1,AND(D207<>"",COUNTIF('联系人'!$A$8:$A$207,D207)<>1),AND(E207<>"",COUNTIF('用胶项目'!$A$8:$A$207,E207)<>1),AND(F207<>"",COUNTIF('样品测试'!$A$8:$A$207,F207)<>1),AND(O207<>"",COUNTIF('沟通记录'!$A$8:$A$207,O207)<>1)),"检查编号或关联","正常"))

Sheet 公司
A2: 公司
A3: 先登记公司，再创建联系人和项目。编号固定，例如C0001；不要使用行号作为编号。
A4: 第5行为虚构格式示例；正式数据从第8行填写。浅灰列为公式，请勿覆盖。
A5: C示例001 | B5: 示例电源公司 | C5: 国内 | D5: 中国 | E5: 电源 | F5: 拜访 | J5: 我 | K5: 虚构示例，不是实际客户 | L5: 填写格式示例 | M5: 示例
A7: 公司编号 | B7: 公司名称 | C7: 市场 | D7: 国家或地区 | E7: 行业 | F7: 客户来源 | G7: 官网 | H7: 社媒主页 | I7: 地址 | J7: 客户负责人 | K7: 备注 | L7: 原始来源 | M7: 编号检查〔自动〕
M8: =IF(A8="","",IF(OR(COUNTIF($A$8:$A$207,A8)<>1),"检查编号或关联","正常"))
M9: =IF(A9="","",IF(OR(COUNTIF($A$8:$A$207,A9)<>1),"检查编号或关联","正常"))
M10: =IF(A10="","",IF(OR(COUNTIF($A$8:$A$207,A10)<>1),"检查编号或关联","正常"))
M11: =IF(A11="","",IF(OR(COUNTIF($A$8:$A$207,A11)<>1),"检查编号或关联","正常"))
M12: =IF(A12="","",IF(OR(COUNTIF($A$8:$A$207,A12)<>1),"检查编号或关联","正常"))
M13: =IF(A13="","",IF(OR(COUNTIF($A$8:$A$207,A13)<>1),"检查编号或关联","正常"))
M14: =IF(A14="","",IF(OR(COUNTIF($A$8:$A$207,A14)<>1),"检查编号或关联","正常"))
M15: =IF(A15="","",IF(OR(COUNTIF($A$8:$A$207,A15)<>1),"检查编号或关联","正常"))
M16: =IF(A16="","",IF(OR(COUNTIF($A$8:$A$207,A16)<>1),"检查编号或关联","正常"))
M17: =IF(A17="","",IF(OR(COUNTIF($A$8:$A$207,A17)<>1),"检查编号或关联","正常"))
M18: =IF(A18="","",IF(OR(COUNTIF($A$8:$A$207,A18)<>1),"检查编号或关联","正常"))
M19: =IF(A19="","",IF(OR(COUNTIF($A$8:$A$207,A19)<>1),"检查编号或关联","正常"))
... M207: =IF(A207="","",IF(OR(COUNTIF($A$8:$A$207,A207)<>1),"检查编号或关联","正常"))

Sheet 联系人
A2: 联系人
A3: 一家公司可登记多个人。按公司编号关联；职责按实际沟通确认。
A4: 第5行为虚构格式示例；正式数据从第8行填写。浅灰列为公式，请勿覆盖。
A5: P示例001 | B5: C示例001 | C5: 示例电源公司 | D5: 张工〔虚构〕 | E5: 研发工程师 | F5: 安排测试，是否决策待确认 | J5: 中文 | K5: Asia/Shanghai | L5: 在职 | M5: 虚构示例 | N5: 示例
A7: 联系人编号 | B7: 公司编号 | C7: 公司名称〔自动〕 | D7: 姓名 | E7: 职位 | F7: 项目职责 | G7: 电话 | H7: 邮箱 | I7: 微信或社媒 | J7: 沟通语言 | K7: 时区 | L7: 在职状态 | M7: 来源与确认日期 | N7: 关联检查〔自动〕
C8: =IF(B8="","",IF(COUNTIF('公司'!$A$8:$A$207,B8)<>1,"编号缺失或重复",INDEX('公司'!$B$8:$B$207,MATCH(B8,'公司'!$A$8:$A$207,0)))) | N8: =IF(A8="","",IF(OR(COUNTIF($A$8:$A$207,A8)<>1,COUNTIF('公司'!$A$8:$A$207,B8)<>1),"检查编号或关联","正常"))
C9: =IF(B9="","",IF(COUNTIF('公司'!$A$8:$A$207,B9)<>1,"编号缺失或重复",INDEX('公司'!$B$8:$B$207,MATCH(B9,'公司'!$A$8:$A$207,0)))) | N9: =IF(A9="","",IF(OR(COUNTIF($A$8:$A$207,A9)<>1,COUNTIF('公司'!$A$8:$A$207,B9)<>1),"检查编号或关联","正常"))
C10: =IF(B10="","",IF(COUNTIF('公司'!$A$8:$A$207,B10)<>1,"编号缺失或重复",INDEX('公司'!$B$8:$B$207,MATCH(B10,'公司'!$A$8:$A$207,0)))) | N10: =IF(A10="","",IF(OR(COUNTIF($A$8:$A$207,A10)<>1,COUNTIF('公司'!$A$8:$A$207,B10)<>1),"检查编号或关联","正常"))
C11: =IF(B11="","",IF(COUNTIF('公司'!$A$8:$A$207,B11)<>1,"编号缺失或重复",INDEX('公司'!$B$8:$B$207,MATCH(B11,'公司'!$A$8:$A$207,0)))) | N11: =IF(A11="","",IF(OR(COUNTIF($A$8:$A$207,A11)<>1,COUNTIF('公司'!$A$8:$A$207,B11)<>1),"检查编号或关联","正常"))
C12: =IF(B12="","",IF(COUNTIF('公司'!$A$8:$A$207,B12)<>1,"编号缺失或重复",INDEX('公司'!$B$8:$B$207,MATCH(B12,'公司'!$A$8:$A$207,0)))) | N12: =IF(A12="","",IF(OR(COUNTIF($A$8:$A$207,A12)<>1,COUNTIF('公司'!$A$8:$A$207,B12)<>1),"检查编号或关联","正常"))
C13: =IF(B13="","",IF(COUNTIF('公司'!$A$8:$A$207,B13)<>1,"编号缺失或重复",INDEX('公司'!$B$8:$B$207,MATCH(B13,'公司'!$A$8:$A$207,0)))) | N13: =IF(A13="","",IF(OR(COUNTIF($A$8:$A$207,A13)<>1,COUNTIF('公司'!$A$8:$A$207,B13)<>1),"检查编号或关联","正常"))
C14: =IF(B14="","",IF(COUNTIF('公司'!$A$8:$A$207,B14)<>1,"编号缺失或重复",INDEX('公司'!$B$8:$B$207,MATCH(B14,'公司'!$A$8:$A$207,0)))) | N14: =IF(A14="","",IF(OR(COUNTIF($A$8:$A$207,A14)<>1,COUNTIF('公司'!$A$8:$A$207,B14)<>1),"检查编号或关联","正常"))
C15: =IF(B15="","",IF(COUNTIF('公司'!$A$8:$A$207,B15)<>1,"编号缺失或重复",INDEX('公司'!$B$8:$B$207,MATCH(B15,'公司'!$A$8:$A$207,0)))) | N15: =IF(A15="","",IF(OR(COUNTIF($A$8:$A$207,A15)<>1,COUNTIF('公司'!$A$8:$A$207,B15)<>1),"检查编号或关联","正常"))
C16: =IF(B16="","",IF(COUNTIF('公司'!$A$8:$A$207,B16)<>1,"编号缺失或重复",INDEX('公司'!$B$8:$B$207,MATCH(B16,'公司'!$A$8:$A$207,0)))) | N16: =IF(A16="","",IF(OR(COUNTIF($A$8:$A$207,A16)<>1,COUNTIF('公司'!$A$8:$A$207,B16)<>1),"检查编号或关联","正常"))
C17: =IF(B17="","",IF(COUNTIF('公司'!$A$8:$A$207,B17)<>1,"编号缺失或重复",INDEX('公司'!$B$8:$B$207,MATCH(B17,'公司'!$A$8:$A$207,0)))) | N17: =IF(A17="","",IF(OR(COUNTIF($A$8:$A$207,A17)<>1,COUNTIF('公司'!$A$8:$A$207,B17)<>1),"检查编号或关联","正常"))
C18: =IF(B18="","",IF(COUNTIF('公司'!$A$8:$A$207,B18)<>1,"编号缺失或重复",INDEX('公司'!$B$8:$B$207,MATCH(B18,'公司'!$A$8:$A$207,0)))) | N18: =IF(A18="","",IF(OR(COUNTIF($A$8:$A$207,A18)<>1,COUNTIF('公司'!$A$8:$A$207,B18)<>1),"检查编号或关联","正常"))
C19: =IF(B19="","",IF(COUNTIF('公司'!$A$8:$A$207,B19)<>1,"编号缺失或重复",INDEX('公司'!$B$8:$B$207,MATCH(B19,'公司'!$A$8:$A$207,0)))) | N19: =IF(A19="","",IF(OR(COUNTIF($A$8:$A$207,A19)<>1,COUNTIF('公司'!$A$8:$A$207,B19)<>1),"检查编号或关联","正常"))
... C207: =IF(B207="","",IF(COUNTIF('公司'!$A$8:$A$207,B207)<>1,"编号缺失或重复",INDEX('公司'!$B$8:$B$207,MATCH(B207,'公司'!$A$8:$A$207,0)))) | N207: =IF(A207="","",IF(OR(COUNTIF($A$8:$A$207,A207)<>1,COUNTIF('公司'!$A$8:$A$207,B207)<>1),"检查编号或关联","正常"))

Sheet 用胶项目
A2: 用胶项目
A3: 一行一个具体用胶点。寄样量在样品表填写；生产用量在本表填写并注明周期和单位。
A4: 第5行为虚构格式示例；正式数据从第8行填写。浅灰列为公式，请勿覆盖。
A5: J示例001 | B5: C示例001 | C5: 示例电源公司 | D5: P示例001 | E5: 电源模块 | F5: 壳体内灌封 | G5: 待确认 | H5: 需确认可接受固化温度和时间 | I5: 未记录 | J5: 客户希望评估新方案 | K5: 未确认 | M5: 例如kg/月；未确认则留空 | O5: 待确认 | P5: 待熟练销售或技术答复 | Q5: 需求确认 | R5: 确认基材与测试条件 | S5: 虚构转写 00:30 | T5: 示例
A7: 项目编号 | B7: 公司编号 | C7: 公司名称〔自动〕 | D7: 主要联系人编号 | E7: 终端产品 | F7: 用胶部位 | G7: 基材 | H7: 当前工艺与固化条件 | I7: 现用材料或型号 | J7: 客户问题与目标 | K7: 测试项目及合格条件 | L7: 客户生产用量 | M7: 用量单位及周期 | N7: 候选型号 | O7: 选型状态 | P7: 选型依据或技术问答编号 | Q7: 阶段 | R7: 本轮推进目标 | S7: 原始来源与定位 | T7: 关联检查〔自动〕
C8: =IF(B8="","",IF(COUNTIF('公司'!$A$8:$A$207,B8)<>1,"编号缺失或重复",INDEX('公司'!$B$8:$B$207,MATCH(B8,'公司'!$A$8:$A$207,0)))) | T8: =IF(A8="","",IF(OR(COUNTIF($A$8:$A$207,A8)<>1,COUNTIF('公司'!$A$8:$A$207,B8)<>1,AND(D8<>"",COUNTIF('联系人'!$A$8:$A$207,D8)<>1)),"检查编号或关联","正常"))
C9: =IF(B9="","",IF(COUNTIF('公司'!$A$8:$A$207,B9)<>1,"编号缺失或重复",INDEX('公司'!$B$8:$B$207,MATCH(B9,'公司'!$A$8:$A$207,0)))) | T9: =IF(A9="","",IF(OR(COUNTIF($A$8:$A$207,A9)<>1,COUNTIF('公司'!$A$8:$A$207,B9)<>1,AND(D9<>"",COUNTIF('联系人'!$A$8:$A$207,D9)<>1)),"检查编号或关联","正常"))
C10: =IF(B10="","",IF(COUNTIF('公司'!$A$8:$A$207,B10)<>1,"编号缺失或重复",INDEX('公司'!$B$8:$B$207,MATCH(B10,'公司'!$A$8:$A$207,0)))) | T10: =IF(A10="","",IF(OR(COUNTIF($A$8:$A$207,A10)<>1,COUNTIF('公司'!$A$8:$A$207,B10)<>1,AND(D10<>"",COUNTIF('联系人'!$A$8:$A$207,D10)<>1)),"检查编号或关联","正常"))
C11: =IF(B11="","",IF(COUNTIF('公司'!$A$8:$A$207,B11)<>1,"编号缺失或重复",INDEX('公司'!$B$8:$B$207,MATCH(B11,'公司'!$A$8:$A$207,0)))) | T11: =IF(A11="","",IF(OR(COUNTIF($A$8:$A$207,A11)<>1,COUNTIF('公司'!$A$8:$A$207,B11)<>1,AND(D11<>"",COUNTIF('联系人'!$A$8:$A$207,D11)<>1)),"检查编号或关联","正常"))
C12: =IF(B12="","",IF(COUNTIF('公司'!$A$8:$A$207,B12)<>1,"编号缺失或重复",INDEX('公司'!$B$8:$B$207,MATCH(B12,'公司'!$A$8:$A$207,0)))) | T12: =IF(A12="","",IF(OR(COUNTIF($A$8:$A$207,A12)<>1,COUNTIF('公司'!$A$8:$A$207,B12)<>1,AND(D12<>"",COUNTIF('联系人'!$A$8:$A$207,D12)<>1)),"检查编号或关联","正常"))
C13: =IF(B13="","",IF(COUNTIF('公司'!$A$8:$A$207,B13)<>1,"编号缺失或重复",INDEX('公司'!$B$8:$B$207,MATCH(B13,'公司'!$A$8:$A$207,0)))) | T13: =IF(A13="","",IF(OR(COUNTIF($A$8:$A$207,A13)<>1,COUNTIF('公司'!$A$8:$A$207,B13)<>1,AND(D13<>"",COUNTIF('联系人'!$A$8:$A$207,D13)<>1)),"检查编号或关联","正常"))
C14: =IF(B14="","",IF(COUNTIF('公司'!$A$8:$A$207,B14)<>1,"编号缺失或重复",INDEX('公司'!$B$8:$B$207,MATCH(B14,'公司'!$A$8:$A$207,0)))) | T14: =IF(A14="","",IF(OR(COUNTIF($A$8:$A$207,A14)<>1,COUNTIF('公司'!$A$8:$A$207,B14)<>1,AND(D14<>"",COUNTIF('联系人'!$A$8:$A$207,D14)<>1)),"检查编号或关联","正常"))
C15: =IF(B15="","",IF(COUNTIF('公司'!$A$8:$A$207,B15)<>1,"编号缺失或重复",INDEX('公司'!$B$8:$B$207,MATCH(B15,'公司'!$A$8:$A$207,0)))) | T15: =IF(A15="","",IF(OR(COUNTIF($A$8:$A$207,A15)<>1,COUNTIF('公司'!$A$8:$A$207,B15)<>1,AND(D15<>"",COUNTIF('联系人'!$A$8:$A$207,D15)<>1)),"检查编号或关联","正常"))
C16: =IF(B16="","",IF(COUNTIF('公司'!$A$8:$A$207,B16)<>1,"编号缺失或重复",INDEX('公司'!$B$8:$B$207,MATCH(B16,'公司'!$A$8:$A$207,0)))) | T16: =IF(A16="","",IF(OR(COUNTIF($A$8:$A$207,A16)<>1,COUNTIF('公司'!$A$8:$A$207,B16)<>1,AND(D16<>"",COUNTIF('联系人'!$A$8:$A$207,D16)<>1)),"检查编号或关联","正常"))
C17: =IF(B17="","",IF(COUNTIF('公司'!$A$8:$A$207,B17)<>1,"编号缺失或重复",INDEX('公司'!$B$8:$B$207,MATCH(B17,'公司'!$A$8:$A$207,0)))) | T17: =IF(A17="","",IF(OR(COUNTIF($A$8:$A$207,A17)<>1,COUNTIF('公司'!$A$8:$A$207,B17)<>1,AND(D17<>"",COUNTIF('联系人'!$A$8:$A$207,D17)<>1)),"检查编号或关联","正常"))
C18: =IF(B18="","",IF(COUNTIF('公司'!$A$8:$A$207,B18)<>1,"编号缺失或重复",INDEX('公司'!$B$8:$B$207,MATCH(B18,'公司'!$A$8:$A$207,0)))) | T18: =IF(A18="","",IF(OR(COUNTIF($A$8:$A$207,A18)<>1,COUNTIF('公司'!$A$8:$A$207,B18)<>1,AND(D18<>"",COUNTIF('联系人'!$A$8:$A$207,D18)<>1)),"检查编号或关联","正常"))
C19: =IF(B19="","",IF(COUNTIF('公司'!$A$8:$A$207,B19)<>1,"编号缺失或重复",INDEX('公司'!$B$8:$B$207,MATCH(B19,'公司'!$A$8:$A$207,0)))) | T19: =IF(A19="","",IF(OR(COUNTIF($A$8:$A$207,A19)<>1,COUNTIF('公司'!$A$8:$A$207,B19)<>1,AND(D19<>"",COUNTIF('联系人'!$A$8:$A$207,D19)<>1)),"检查编号或关联","正常"))
... C207: =IF(B207="","",IF(COUNTIF('公司'!$A$8:$A$207,B207)<>1,"编号缺失或重复",INDEX('公司'!$B$8:$B$207,MATCH(B207,'公司'!$A$8:$A$207,0)))) | T207: =IF(A207="","",IF(OR(COUNTIF($A$8:$A$207,A207)<>1,COUNTIF('公司'!$A$8:$A$207,B207)<>1,AND(D207<>"",COUNTIF('联系人'!$A$8:$A$207,D207)<>1)),"检查编号或关联","正常"))

Sheet 沟通记录
A2: 沟通记录
A3: 保留客户与我方原话，注明说话人和时间戳。长转写保存在原文件，本表记录关键片段与路径。
A4: 第5行为虚构格式示例；正式数据从第8行填写。浅灰列为公式，请勿覆盖。
A5: V示例001 | B5: 46310 | C5: C示例001 | D5: P示例001 | E5: J示例001 | F5: 面访 | G5: 主谈 | H5: 张工 00:30：想先了解材料方案。〔虚构〕 | I5: 我 00:45：目前是什么基材和固化方式？〔虚构〕 | J5: 客户表达了解方案的意愿 | K5: 尚不能据此判断已决定测试 | L5: 基材、固化条件与验收标准 | M5: 未形成寄样约定 | N5: T示例001 | O5: 填真实文件路径及时间戳 | P5: 示例
A7: 沟通编号 | B7: 日期 | C7: 公司编号 | D7: 联系人编号 | E7: 项目编号 | F7: 渠道 | G7: 我的角色 | H7: 客户原话及时间戳 | I7: 我方原话及时间戳 | J7: 已确认事实 | K7: AI判断或推测 | L7: 待核实问题 | M7: 本次约定 | N7: 下一步任务编号 | O7: 原始转写路径或链接 | P7: 关联检查〔自动〕
P8: =IF(A8="","",IF(OR(COUNTIF($A$8:$A$207,A8)<>1,COUNTIF('公司'!$A$8:$A$207,C8)<>1,AND(D8<>"",COUNTIF('联系人'!$A$8:$A$207,D8)<>1),AND(E8<>"",COUNTIF('用胶项目'!$A$8:$A$207,E8)<>1),AND(N8<>"",COUNTIF('跟进待办'!$A$8:$A$207,N8)<>1)),"检查编号或关联","正常"))
P9: =IF(A9="","",IF(OR(COUNTIF($A$8:$A$207,A9)<>1,COUNTIF('公司'!$A$8:$A$207,C9)<>1,AND(D9<>"",COUNTIF('联系人'!$A$8:$A$207,D9)<>1),AND(E9<>"",COUNTIF('用胶项目'!$A$8:$A$207,E9)<>1),AND(N9<>"",COUNTIF('跟进待办'!$A$8:$A$207,N9)<>1)),"检查编号或关联","正常"))
P10: =IF(A10="","",IF(OR(COUNTIF($A$8:$A$207,A10)<>1,COUNTIF('公司'!$A$8:$A$207,C10)<>1,AND(D10<>"",COUNTIF('联系人'!$A$8:$A$207,D10)<>1),AND(E10<>"",COUNTIF('用胶项目'!$A$8:$A$207,E10)<>1),AND(N10<>"",COUNTIF('跟进待办'!$A$8:$A$207,N10)<>1)),"检查编号或关联","正常"))
P11: =IF(A11="","",IF(OR(COUNTIF($A$8:$A$207,A11)<>1,COUNTIF('公司'!$A$8:$A$207,C11)<>1,AND(D11<>"",COUNTIF('联系人'!$A$8:$A$207,D11)<>1),AND(E11<>"",COUNTIF('用胶项目'!$A$8:$A$207,E11)<>1),AND(N11<>"",COUNTIF('跟进待办'!$A$8:$A$207,N11)<>1)),"检查编号或关联","正常"))
P12: =IF(A12="","",IF(OR(COUNTIF($A$8:$A$207,A12)<>1,COUNTIF('公司'!$A$8:$A$207,C12)<>1,AND(D12<>"",COUNTIF('联系人'!$A$8:$A$207,D12)<>1),AND(E12<>"",COUNTIF('用胶项目'!$A$8:$A$207,E12)<>1),AND(N12<>"",COUNTIF('跟进待办'!$A$8:$A$207,N12)<>1)),"检查编号或关联","正常"))
P13: =IF(A13="","",IF(OR(COUNTIF($A$8:$A$207,A13)<>1,COUNTIF('公司'!$A$8:$A$207,C13)<>1,AND(D13<>"",COUNTIF('联系人'!$A$8:$A$207,D13)<>1),AND(E13<>"",COUNTIF('用胶项目'!$A$8:$A$207,E13)<>1),AND(N13<>"",COUNTIF('跟进待办'!$A$8:$A$207,N13)<>1)),"检查编号或关联","正常"))
P14: =IF(A14="","",IF(OR(COUNTIF($A$8:$A$207,A14)<>1,COUNTIF('公司'!$A$8:$A$207,C14)<>1,AND(D14<>"",COUNTIF('联系人'!$A$8:$A$207,D14)<>1),AND(E14<>"",COUNTIF('用胶项目'!$A$8:$A$207,E14)<>1),AND(N14<>"",COUNTIF('跟进待办'!$A$8:$A$207,N14)<>1)),"检查编号或关联","正常"))
P15: =IF(A15="","",IF(OR(COUNTIF($A$8:$A$207,A15)<>1,COUNTIF('公司'!$A$8:$A$207,C15)<>1,AND(D15<>"",COUNTIF('联系人'!$A$8:$A$207,D15)<>1),AND(E15<>"",COUNTIF('用胶项目'!$A$8:$A$207,E15)<>1),AND(N15<>"",COUNTIF('跟进待办'!$A$8:$A$207,N15)<>1)),"检查编号或关联","正常"))
P16: =IF(A16="","",IF(OR(COUNTIF($A$8:$A$207,A16)<>1,COUNTIF('公司'!$A$8:$A$207,C16)<>1,AND(D16<>"",COUNTIF('联系人'!$A$8:$A$207,D16)<>1),AND(E16<>"",COUNTIF('用胶项目'!$A$8:$A$207,E16)<>1),AND(N16<>"",COUNTIF('跟进待办'!$A$8:$A$207,N16)<>1)),"检查编号或关联","正常"))
P17: =IF(A17="","",IF(OR(COUNTIF($A$8:$A$207,A17)<>1,COUNTIF('公司'!$A$8:$A$207,C17)<>1,AND(D17<>"",COUNTIF('联系人'!$A$8:$A$207,D17)<>1),AND(E17<>"",COUNTIF('用胶项目'!$A$8:$A$207,E17)<>1),AND(N17<>"",COUNTIF('跟进待办'!$A$8:$A$207,N17)<>1)),"检查编号或关联","正常"))
P18: =IF(A18="","",IF(OR(COUNTIF($A$8:$A$207,A18)<>1,COUNTIF('公司'!$A$8:$A$207,C18)<>1,AND(D18<>"",COUNTIF('联系人'!$A$8:$A$207,D18)<>1),AND(E18<>"",COUNTIF('用胶项目'!$A$8:$A$207,E18)<>1),AND(N18<>"",COUNTIF('跟进待办'!$A$8:$A$207,N18)<>1)),"检查编号或关联","正常"))
P19: =IF(A19="","",IF(OR(COUNTIF($A$8:$A$207,A19)<>1,COUNTIF('公司'!$A$8:$A$207,C19)<>1,AND(D19<>"",COUNTIF('联系人'!$A$8:$A$207,D19)<>1),AND(E19<>"",COUNTIF('用胶项目'!$A$8:$A$207,E19)<>1),AND(N19<>"",COUNTIF('跟进待办'!$A$8:$A$207,N19)<>1)),"检查编号或关联","正常"))
... P207: =IF(A207="","",IF(OR(COUNTIF($A$8:$A$207,A207)<>1,COUNTIF('公司'!$A$8:$A$207,C207)<>1,AND(D207<>"",COUNTIF('联系人'!$A$8:$A$207,D207)<>1),AND(E207<>"",COUNTIF('用胶项目'!$A$8:$A$207,E207)<>1),AND(N207<>"",COUNTIF('跟进待办'!$A$8:$A$207,N207)<>1)),"检查编号或关联","正常"))

Sheet 样品测试
A2: 样品测试
A3: 一行一个项目的一种样品批次。更换型号或补寄新批次另起一行；寄出、签收与测试结果分别记录。
A4: 第5行为虚构格式示例；正式数据从第8行填写。浅灰列为公式，请勿覆盖。
A5: S示例001 | B5: J示例001 | C5: C示例001 | D5: P示例001 | E5: 待确认 | F5: 0.5 | G5: kg | H5: 虚构数量，仅示范格式，实际由测试需求确认 | M5: P示例001 | O5: 待确认 | P5: 未确认 | Q5: 待确认 | S5: 先确认型号和实际测试用量 | T5: T示例001 | U5: V示例001 | V5: 示例
A7: 样品编号 | B7: 项目编号 | C7: 公司编号〔自动〕 | D7: 收件联系人编号 | E7: 完整型号 | F7: 数量 | G7: 单位 | H7: 数量依据与确认人 | I7: 样品批次 | J7: 寄出日期 | K7: 快递单号 | L7: 签收日期 | M7: 测试负责人编号 | N7: 约定反馈日期 | O7: 日期依据 | P7: 测试项目及合格标准 | Q7: 状态 | R7: 测试结果与证据 | S7: 问题与下一步 | T7: 任务编号 | U7: 来源沟通编号 | V7: 关联检查〔自动〕
C8: =IF(B8="","",IF(COUNTIF('用胶项目'!$A$8:$A$207,B8)<>1,"编号缺失或重复",INDEX('用胶项目'!$B$8:$B$207,MATCH(B8,'用胶项目'!$A$8:$A$207,0)))) | V8: =IF(A8="","",IF(OR(COUNTIF($A$8:$A$207,A8)<>1,COUNTIF('用胶项目'!$A$8:$A$207,B8)<>1,AND(D8<>"",COUNTIF('联系人'!$A$8:$A$207,D8)<>1),AND(M8<>"",COUNTIF('联系人'!$A$8:$A$207,M8)<>1),AND(T8<>"",COUNTIF('跟进待办'!$A$8:$A$207,T8)<>1),AND(U8<>"",COUNTIF('沟通记录'!$A$8:$A$207,U8)<>1)),"检查编号或关联","正常"))
C9: =IF(B9="","",IF(COUNTIF('用胶项目'!$A$8:$A$207,B9)<>1,"编号缺失或重复",INDEX('用胶项目'!$B$8:$B$207,MATCH(B9,'用胶项目'!$A$8:$A$207,0)))) | V9: =IF(A9="","",IF(OR(COUNTIF($A$8:$A$207,A9)<>1,COUNTIF('用胶项目'!$A$8:$A$207,B9)<>1,AND(D9<>"",COUNTIF('联系人'!$A$8:$A$207,D9)<>1),AND(M9<>"",COUNTIF('联系人'!$A$8:$A$207,M9)<>1),AND(T9<>"",COUNTIF('跟进待办'!$A$8:$A$207,T9)<>1),AND(U9<>"",COUNTIF('沟通记录'!$A$8:$A$207,U9)<>1)),"检查编号或关联","正常"))
C10: =IF(B10="","",IF(COUNTIF('用胶项目'!$A$8:$A$207,B10)<>1,"编号缺失或重复",INDEX('用胶项目'!$B$8:$B$207,MATCH(B10,'用胶项目'!$A$8:$A$207,0)))) | V10: =IF(A10="","",IF(OR(COUNTIF($A$8:$A$207,A10)<>1,COUNTIF('用胶项目'!$A$8:$A$207,B10)<>1,AND(D10<>"",COUNTIF('联系人'!$A$8:$A$207,D10)<>1),AND(M10<>"",COUNTIF('联系人'!$A$8:$A$207,M10)<>1),AND(T10<>"",COUNTIF('跟进待办'!$A$8:$A$207,T10)<>1),AND(U10<>"",COUNTIF('沟通记录'!$A$8:$A$207,U10)<>1)),"检查编号或关联","正常"))
C11: =IF(B11="","",IF(COUNTIF('用胶项目'!$A$8:$A$207,B11)<>1,"编号缺失或重复",INDEX('用胶项目'!$B$8:$B$207,MATCH(B11,'用胶项目'!$A$8:$A$207,0)))) | V11: =IF(A11="","",IF(OR(COUNTIF($A$8:$A$207,A11)<>1,COUNTIF('用胶项目'!$A$8:$A$207,B11)<>1,AND(D11<>"",COUNTIF('联系人'!$A$8:$A$207,D11)<>1),AND(M11<>"",COUNTIF('联系人'!$A$8:$A$207,M11)<>1),AND(T11<>"",COUNTIF('跟进待办'!$A$8:$A$207,T11)<>1),AND(U11<>"",COUNTIF('沟通记录'!$A$8:$A$207,U11)<>1)),"检查编号或关联","正常"))
C12: =IF(B12="","",IF(COUNTIF('用胶项目'!$A$8:$A$207,B12)<>1,"编号缺失或重复",INDEX('用胶项目'!$B$8:$B$207,MATCH(B12,'用胶项目'!$A$8:$A$207,0)))) | V12: =IF(A12="","",IF(OR(COUNTIF($A$8:$A$207,A12)<>1,COUNTIF('用胶项目'!$A$8:$A$207,B12)<>1,AND(D12<>"",COUNTIF('联系人'!$A$8:$A$207,D12)<>1),AND(M12<>"",COUNTIF('联系人'!$A$8:$A$207,M12)<>1),AND(T12<>"",COUNTIF('跟进待办'!$A$8:$A$207,T12)<>1),AND(U12<>"",COUNTIF('沟通记录'!$A$8:$A$207,U12)<>1)),"检查编号或关联","正常"))
C13: =IF(B13="","",IF(COUNTIF('用胶项目'!$A$8:$A$207,B13)<>1,"编号缺失或重复",INDEX('用胶项目'!$B$8:$B$207,MATCH(B13,'用胶项目'!$A$8:$A$207,0)))) | V13: =IF(A13="","",IF(OR(COUNTIF($A$8:$A$207,A13)<>1,COUNTIF('用胶项目'!$A$8:$A$207,B13)<>1,AND(D13<>"",COUNTIF('联系人'!$A$8:$A$207,D13)<>1),AND(M13<>"",COUNTIF('联系人'!$A$8:$A$207,M13)<>1),AND(T13<>"",COUNTIF('跟进待办'!$A$8:$A$207,T13)<>1),AND(U13<>"",COUNTIF('沟通记录'!$A$8:$A$207,U13)<>1)),"检查编号或关联","正常"))
C14: =IF(B14="","",IF(COUNTIF('用胶项目'!$A$8:$A$207,B14)<>1,"编号缺失或重复",INDEX('用胶项目'!$B$8:$B$207,MATCH(B14,'用胶项目'!$A$8:$A$207,0)))) | V14: =IF(A14="","",IF(OR(COUNTIF($A$8:$A$207,A14)<>1,COUNTIF('用胶项目'!$A$8:$A$207,B14)<>1,AND(D14<>"",COUNTIF('联系人'!$A$8:$A$207,D14)<>1),AND(M14<>"",COUNTIF('联系人'!$A$8:$A$207,M14)<>1),AND(T14<>"",COUNTIF('跟进待办'!$A$8:$A$207,T14)<>1),AND(U14<>"",COUNTIF('沟通记录'!$A$8:$A$207,U14)<>1)),"检查编号或关联","正常"))
C15: =IF(B15="","",IF(COUNTIF('用胶项目'!$A$8:$A$207,B15)<>1,"编号缺失或重复",INDEX('用胶项目'!$B$8:$B$207,MATCH(B15,'用胶项目'!$A$8:$A$207,0)))) | V15: =IF(A15="","",IF(OR(COUNTIF($A$8:$A$207,A15)<>1,COUNTIF('用胶项目'!$A$8:$A$207,B15)<>1,AND(D15<>"",COUNTIF('联系人'!$A$8:$A$207,D15)<>1),AND(M15<>"",COUNTIF('联系人'!$A$8:$A$207,M15)<>1),AND(T15<>"",COUNTIF('跟进待办'!$A$8:$A$207,T15)<>1),AND(U15<>"",COUNTIF('沟通记录'!$A$8:$A$207,U15)<>1)),"检查编号或关联","正常"))
C16: =IF(B16="","",IF(COUNTIF('用胶项目'!$A$8:$A$207,B16)<>1,"编号缺失或重复",INDEX('用胶项目'!$B$8:$B$207,MATCH(B16,'用胶项目'!$A$8:$A$207,0)))) | V16: =IF(A16="","",IF(OR(COUNTIF($A$8:$A$207,A16)<>1,COUNTIF('用胶项目'!$A$8:$A$207,B16)<>1,AND(D16<>"",COUNTIF('联系人'!$A$8:$A$207,D16)<>1),AND(M16<>"",COUNTIF('联系人'!$A$8:$A$207,M16)<>1),AND(T16<>"",COUNTIF('跟进待办'!$A$8:$A$207,T16)<>1),AND(U16<>"",COUNTIF('沟通记录'!$A$8:$A$207,U16)<>1)),"检查编号或关联","正常"))
C17: =IF(B17="","",IF(COUNTIF('用胶项目'!$A$8:$A$207,B17)<>1,"编号缺失或重复",INDEX('用胶项目'!$B$8:$B$207,MATCH(B17,'用胶项目'!$A$8:$A$207,0)))) | V17: =IF(A17="","",IF(OR(COUNTIF($A$8:$A$207,A17)<>1,COUNTIF('用胶项目'!$A$8:$A$207,B17)<>1,AND(D17<>"",COUNTIF('联系人'!$A$8:$A$207,D17)<>1),AND(M17<>"",COUNTIF('联系人'!$A$8:$A$207,M17)<>1),AND(T17<>"",COUNTIF('跟进待办'!$A$8:$A$207,T17)<>1),AND(U17<>"",COUNTIF('沟通记录'!$A$8:$A$207,U17)<>1)),"检查编号或关联","正常"))
C18: =IF(B18="","",IF(COUNTIF('用胶项目'!$A$8:$A$207,B18)<>1,"编号缺失或重复",INDEX('用胶项目'!$B$8:$B$207,MATCH(B18,'用胶项目'!$A$8:$A$207,0)))) | V18: =IF(A18="","",IF(OR(COUNTIF($A$8:$A$207,A18)<>1,COUNTIF('用胶项目'!$A$8:$A$207,B18)<>1,AND(D18<>"",COUNTIF('联系人'!$A$8:$A$207,D18)<>1),AND(M18<>"",COUNTIF('联系人'!$A$8:$A$207,M18)<>1),AND(T18<>"",COUNTIF('跟进待办'!$A$8:$A$207,T18)<>1),AND(U18<>"",COUNTIF('沟通记录'!$A$8:$A$207,U18)<>1)),"检查编号或关联","正常"))
C19: =IF(B19="","",IF(COUNTIF('用胶项目'!$A$8:$A$207,B19)<>1,"编号缺失或重复",INDEX('用胶项目'!$B$8:$B$207,MATCH(B19,'用胶项目'!$A$8:$A$207,0)))) | V19: =IF(A19="","",IF(OR(COUNTIF($A$8:$A$207,A19)<>1,COUNTIF('用胶项目'!$A$8:$A$207,B19)<>1,AND(D19<>"",COUNTIF('联系人'!$A$8:$A$207,D19)<>1),AND(M19<>"",COUNTIF('联系人'!$A$8:$A$207,M19)<>1),AND(T19<>"",COUNTIF('跟进待办'!$A$8:$A$207,T19)<>1),AND(U19<>"",COUNTIF('沟通记录'!$A$8:$A$207,U19)<>1)),"检查编号或关联","正常"))
... C207: =IF(B207="","",IF(COUNTIF('用胶项目'!$A$8:$A$207,B207)<>1,"编号缺失或重复",INDEX('用胶项目'!$B$8:$B$207,MATCH(B207,'用胶项目'!$A$8:$A$207,0)))) | V207: =IF(A207="","",IF(OR(COUNTIF($A$8:$A$207,A207)<>1,COUNTIF('用胶项目'!$A$8:$A$207,B207)<>1,AND(D207<>"",COUNTIF('联系人'!$A$8:$A$207,D207)<>1),AND(M207<>"",COUNTIF('联系人'!$A$8:$A$207,M207)<>1),AND(T207<>"",COUNTIF('跟进待办'!$A$8:$A$207,T207)<>1),AND(U207<>"",COUNTIF('沟通记录'!$A$8:$A$207,U207)<>1)),"检查编号或关联","正常"))

Sheet 技术经验
A2: 技术经验
A3: 一行一个真实问题及答复。保留推荐理由、适用边界和实际结果；经验不能替代正式产品资料。
A4: 第5行为虚构格式示例；正式数据从第8行填写。浅灰列为公式，请勿覆盖。
A5: K示例001 | B5: J示例001 | C5: 这个部位适合什么胶？〔虚构〕 | D5: 基材、工艺和测试条件尚未补齐 | E5: 待请教 | G5: 尚未取得答复 | M5: 待答复 | O5: V示例001 | P5: T示例001：先收集应用条件 | Q5: 示例
A7: 问答编号 | B7: 项目编号 | C7: 客户问题原话 | D7: 应用条件 | E7: 答复人 | F7: 答复日期 | G7: 答复原文 | H7: 候选或推荐型号 | I7: 为什么选它 | J7: 其他方案及排除原因 | K7: 不适用条件 | L7: 正式资料及版本定位 | M7: 证据状态 | N7: 客户测试反馈 | O7: 来源沟通编号 | P7: 待核问题与任务编号 | Q7: 关联检查〔自动〕
Q8: =IF(A8="","",IF(OR(COUNTIF($A$8:$A$207,A8)<>1,AND(B8<>"",COUNTIF('用胶项目'!$A$8:$A$207,B8)<>1),AND(O8<>"",COUNTIF('沟通记录'!$A$8:$A$207,O8)<>1)),"检查编号或关联","正常"))
Q9: =IF(A9="","",IF(OR(COUNTIF($A$8:$A$207,A9)<>1,AND(B9<>"",COUNTIF('用胶项目'!$A$8:$A$207,B9)<>1),AND(O9<>"",COUNTIF('沟通记录'!$A$8:$A$207,O9)<>1)),"检查编号或关联","正常"))
Q10: =IF(A10="","",IF(OR(COUNTIF($A$8:$A$207,A10)<>1,AND(B10<>"",COUNTIF('用胶项目'!$A$8:$A$207,B10)<>1),AND(O10<>"",COUNTIF('沟通记录'!$A$8:$A$207,O10)<>1)),"检查编号或关联","正常"))
Q11: =IF(A11="","",IF(OR(COUNTIF($A$8:$A$207,A11)<>1,AND(B11<>"",COUNTIF('用胶项目'!$A$8:$A$207,B11)<>1),AND(O11<>"",COUNTIF('沟通记录'!$A$8:$A$207,O11)<>1)),"检查编号或关联","正常"))
Q12: =IF(A12="","",IF(OR(COUNTIF($A$8:$A$207,A12)<>1,AND(B12<>"",COUNTIF('用胶项目'!$A$8:$A$207,B12)<>1),AND(O12<>"",COUNTIF('沟通记录'!$A$8:$A$207,O12)<>1)),"检查编号或关联","正常"))
Q13: =IF(A13="","",IF(OR(COUNTIF($A$8:$A$207,A13)<>1,AND(B13<>"",COUNTIF('用胶项目'!$A$8:$A$207,B13)<>1),AND(O13<>"",COUNTIF('沟通记录'!$A$8:$A$207,O13)<>1)),"检查编号或关联","正常"))
Q14: =IF(A14="","",IF(OR(COUNTIF($A$8:$A$207,A14)<>1,AND(B14<>"",COUNTIF('用胶项目'!$A$8:$A$207,B14)<>1),AND(O14<>"",COUNTIF('沟通记录'!$A$8:$A$207,O14)<>1)),"检查编号或关联","正常"))
Q15: =IF(A15="","",IF(OR(COUNTIF($A$8:$A$207,A15)<>1,AND(B15<>"",COUNTIF('用胶项目'!$A$8:$A$207,B15)<>1),AND(O15<>"",COUNTIF('沟通记录'!$A$8:$A$207,O15)<>1)),"检查编号或关联","正常"))
Q16: =IF(A16="","",IF(OR(COUNTIF($A$8:$A$207,A16)<>1,AND(B16<>"",COUNTIF('用胶项目'!$A$8:$A$207,B16)<>1),AND(O16<>"",COUNTIF('沟通记录'!$A$8:$A$207,O16)<>1)),"检查编号或关联","正常"))
Q17: =IF(A17="","",IF(OR(COUNTIF($A$8:$A$207,A17)<>1,AND(B17<>"",COUNTIF('用胶项目'!$A$8:$A$207,B17)<>1),AND(O17<>"",COUNTIF('沟通记录'!$A$8:$A$207,O17)<>1)),"检查编号或关联","正常"))
Q18: =IF(A18="","",IF(OR(COUNTIF($A$8:$A$207,A18)<>1,AND(B18<>"",COUNTIF('用胶项目'!$A$8:$A$207,B18)<>1),AND(O18<>"",COUNTIF('沟通记录'!$A$8:$A$207,O18)<>1)),"检查编号或关联","正常"))
Q19: =IF(A19="","",IF(OR(COUNTIF($A$8:$A$207,A19)<>1,AND(B19<>"",COUNTIF('用胶项目'!$A$8:$A$207,B19)<>1),AND(O19<>"",COUNTIF('沟通记录'!$A$8:$A$207,O19)<>1)),"检查编号或关联","正常"))
... Q207: =IF(A207="","",IF(OR(COUNTIF($A$8:$A$207,A207)<>1,AND(B207<>"",COUNTIF('用胶项目'!$A$8:$A$207,B207)<>1),AND(O207<>"",COUNTIF('沟通记录'!$A$8:$A$207,O207)<>1)),"检查编号或关联","正常"))

Sheet 每日复盘
A2: 每日复盘
A3: 一天一行，只抓1至3项改进；个人表现只依据自己的发言，旁听记录团队学习。
A4: 第5行为虚构格式示例；正式数据从第8行填写。浅灰列为公式，请勿覆盖。
A5: D示例001 | B5: 46310 | C5: V示例001 | D5: 获得了解方案的意愿；未取得测试承诺 | E5: 应用条件不完整 | F5: 先问应用条件 | G5: 未确认测试标准〔虚构场景〕 | H5: 这次测试达到什么结果才算通过？ | I5: AI示例，暂无对应课程依据 | J5: 确认测试条件 | K5: T示例001 | L5: 练一次需求确认；能复述条件并请客户确认 | M5: 未执行 | N5: 示例
A7: 复盘编号 | B7: 日期 | C7: 相关沟通编号 | D7: 今天推进了什么及证据 | E7: 未完成或卡点 | F7: 值得保留的动作 | G7: 关键改进与原话定位 | H7: 替代问法或动作 | I7: 方法依据或AI建议标注 | J7: 明天一个关键目标 | K7: 对应任务编号 | L7: 一次练习及验收标准 | M7: 执行后反馈 | N7: 编号检查〔自动〕
N8: =IF(A8="","",IF(OR(COUNTIF($A$8:$A$207,A8)<>1),"检查编号或关联","正常"))
N9: =IF(A9="","",IF(OR(COUNTIF($A$8:$A$207,A9)<>1),"检查编号或关联","正常"))
N10: =IF(A10="","",IF(OR(COUNTIF($A$8:$A$207,A10)<>1),"检查编号或关联","正常"))
N11: =IF(A11="","",IF(OR(COUNTIF($A$8:$A$207,A11)<>1),"检查编号或关联","正常"))
N12: =IF(A12="","",IF(OR(COUNTIF($A$8:$A$207,A12)<>1),"检查编号或关联","正常"))
N13: =IF(A13="","",IF(OR(COUNTIF($A$8:$A$207,A13)<>1),"检查编号或关联","正常"))
N14: =IF(A14="","",IF(OR(COUNTIF($A$8:$A$207,A14)<>1),"检查编号或关联","正常"))
N15: =IF(A15="","",IF(OR(COUNTIF($A$8:$A$207,A15)<>1),"检查编号或关联","正常"))
N16: =IF(A16="","",IF(OR(COUNTIF($A$8:$A$207,A16)<>1),"检查编号或关联","正常"))
N17: =IF(A17="","",IF(OR(COUNTIF($A$8:$A$207,A17)<>1),"检查编号或关联","正常"))
N18: =IF(A18="","",IF(OR(COUNTIF($A$8:$A$207,A18)<>1),"检查编号或关联","正常"))
N19: =IF(A19="","",IF(OR(COUNTIF($A$8:$A$207,A19)<>1),"检查编号或关联","正常"))
... N207: =IF(A207="","",IF(OR(COUNTIF($A$8:$A$207,A207)<>1),"检查编号或关联","正常"))

Sheet 使用说明
A2: 填写与每天使用
A4: 用途 | B4: 个人本地Excel；本版不自动读取录音、不调用AI，也不与Notion或网页自动同步。
A5: 提醒基准日 | B5: 46310
A6: 日期使用 | B6: 打开时把B5改成你实际工作的日期。提醒不会后台通知；日期未设定的任务显示“待定日期”。
A8: 每天先看 | B8: 打开“跟进待办”，按提醒筛选今日跟进、已逾期、待定日期。
A9: 首次登记 | B9: 先填公司，再填联系人及用胶项目。已有公司不用重复新建。
A10: 沟通结束 | B10: 新增沟通记录；客户原话、我方原话、事实、AI推测分栏记录。
A11: 生成行动 | B11: 在跟进待办新增一行；写具体对象、动作、日期依据与完成证据。
A12: 需要寄样 | B12: 一个项目的一种型号和一个批次一行；数量与单位分开填，未确认留空。
A13: 回收结果 | B13: 样品表更新签收与测试结果；后续催反馈或补资料放进跟进待办。
A14: 问熟练销售 | B14: 技术经验记录原答复、为什么选、为什么不选、适用条件、来源和客户验证。
A15: 每天收尾 | B15: 每日复盘只记关键改进和一个次日目标，任务编号指向跟进待办。
A17: 编号规则 | B17: C公司、P联系人、J项目、V沟通、S样品、T任务、K问答、D复盘；例如C0001。
A18: 编号不要改 | B18: 编号手动分配且唯一，排序不会改变编号；复制行时给新记录分配新编号。
A19: 双向查找 | B19: 按同一公司编号或项目编号筛选各表，可回查联系人、沟通和样品；不是Notion自动反向页面。
... A36: 下一步接入 | B36: 确认客户文件位置后，核对列名、重复公司与联系人，再导入本工作簿。
A38: 当前正式任务数量 | B38: =COUNTA('跟进待办'!A8:A207)
A39: 今日跟进 | B39: =COUNTIF('跟进待办'!P8:P207,"今日跟进")
A40: 已逾期 | B40: =COUNTIF('跟进待办'!P8:P207,"已逾期")
